p_val	avg_logFC	pct.1	pct.2	p_val_adj	cluster	gene	avg_log2FC
5.92335832985476e-287	1.49288510532241	0.555	0.128	1.15215242874005e-282	cluster_11	REG4	2.15377793806564
3.7534676473308e-281	1.34442998513591	0.956	0.634	7.30086992082313e-277	cluster_11	SERPINA1	1.939602472378
1.03020832099683e-228	1.22291954257946	0.665	0.226	2.00385820517093e-224	cluster_11	AKR1B10	1.76429995948558
0	0.864749317924084	0.618	0.14	0	cluster_11	TTR	1.24756955258119
2.94279597978797e-175	0.83905388331862	0.836	0.507	5.72403246028559e-171	cluster_11	COL9A3	1.2104988765024
3.26462678614259e-120	0.832381400189187	0.998	0.965	6.35002556172595e-116	cluster_11	ODC1	1.20087251818115
8.46096119232244e-263	0.822711318135033	0.846	0.362	1.64574156151864e-258	cluster_11	DPP4	1.18692153875663
2.31225438394165e-221	0.815933457342203	0.738	0.272	4.49756600220491e-217	cluster_11	MUC5AC	1.17714315260298
1.25549015056002e-164	0.770476357494706	0.869	0.489	2.4420538918543e-160	cluster_11	AGR3	1.11156242007981
0	0.765352081331371	0.62	0.113	0	cluster_11	CXCR4	1.10416965227082
7.47008570327066e-196	0.759822278387246	0.578	0.186	1.45300637014318e-191	cluster_11	CAV1	1.09619183298623
8.43133087688377e-192	0.748989823251573	0.924	0.617	1.63997816886266e-187	cluster_11	CMBL	1.08056390368135
1.02118436061959e-219	0.742775494586917	0.847	0.397	1.98630569984116e-215	cluster_11	F5	1.07159852253439
5.20649971935547e-258	0.735414860512421	0.579	0.146	1.01271626041183e-253	cluster_11	EEF1A2	1.06097937225732
0	0.73541410148761	0.591	0.079	0	cluster_11	CSPG4	1.06097827721599
2.32893976242848e-211	0.734811286563352	1	0.976	4.53002073189963e-207	cluster_11	AGR2	1.06010859911419
5.90181789621936e-160	0.720915580079854	0.692	0.314	1.14796259899363e-155	cluster_11	CAV2	1.0400613322808
5.66311330960655e-203	0.679657124656978	0.693	0.256	1.10153216985157e-198	cluster_11	ANXA10	0.980537963247474
3.67069302841424e-113	0.672850569448187	0.788	0.488	7.13986500956854e-109	cluster_11	SLC7A11	0.970718179802214
3.2532611662391e-108	0.650892305776386	0.975	0.758	6.32791829445167e-104	cluster_11	LYZ	0.939039101696375
2.8744156990045e-127	0.639563582926855	0.627	0.277	5.59102597613365e-123	cluster_11	RGS2	0.922695209421751
1.6345498443223e-188	0.634072676163836	0.683	0.272	3.1793629021913e-184	cluster_11	TACC1	0.914773505464759
2.31477698150563e-132	0.626672843896371	0.976	0.826	4.5024727067266e-128	cluster_11	ANXA5	0.904097804149078
3.73132430555141e-217	0.588552405387374	0.629	0.2	7.25779890672804e-213	cluster_11	MTSS1	0.849101636555635
1.49632440664806e-104	0.572180213434953	0.926	0.677	2.91050060337114e-100	cluster_11	TESC	0.825481556417395
1.3419389773055e-142	0.562943537522604	0.686	0.319	2.61020550475693e-138	cluster_11	HSD17B2	0.81215584988435
4.68256381612107e-23	0.558761965494192	0.732	0.613	9.10805487873709e-19	cluster_11	CD55	0.806123116655841
7.66328786347747e-115	0.557663924885592	0.492	0.188	1.490586122325e-110	cluster_11	HOPX	0.804538978915119
9.6804884880532e-67	0.551535471479235	0.925	0.846	1.88295181581123e-62	cluster_11	CD59	0.795697489577449
0	0.546131783982365	0.379	0.033	0	cluster_11	LINC00665	0.787901616423201
2.1613803314579e-127	0.544269705239191	0.934	0.621	4.20410088271876e-123	cluster_11	MSN	0.785215204654679
1.70748965889533e-120	0.541003917163905	0.862	0.609	3.3212381355173e-116	cluster_11	CAPN8	0.780503668393869
2.4100569940526e-108	0.534345805102389	0.752	0.406	4.6878018591317e-104	cluster_11	CALB2	0.770898043141037
8.17413494311932e-107	0.52184868758977	0.572	0.267	1.58995098778614e-102	cluster_11	CAPRIN2	0.752868513680176
5.07489250791552e-105	0.514171088306098	0.926	0.605	9.87117341714647e-101	cluster_11	TRNP1	0.741792079267688
4.98808216364032e-119	0.514009940020107	0.983	0.891	9.70231861649679e-115	cluster_11	ASPH	0.741559591434642
3.31956200710461e-32	0.504439577321392	0.772	0.657	6.45688006001917e-28	cluster_11	ITGA2	0.727752476629697
1.19559725786357e-103	0.501859839142231	0.932	0.697	2.32555622627043e-99	cluster_11	PYGB	0.72403070115183
7.52637247246609e-102	0.496365090679429	0.928	0.666	1.46395470961938e-97	cluster_11	CYP3A5	0.716103454793613
4.50992904750555e-110	0.478063578090709	1	1	8.77226299030304e-106	cluster_11	S100A10	0.6896999533411
6.73594023904855e-115	0.471720053686018	0.609	0.274	1.31020773589733e-110	cluster_11	LIMS2	0.680548182140694
2.18421138248219e-61	0.470734495097811	0.686	0.417	4.24850956006611e-57	cluster_11	TPPP3	0.679126321652982
4.73171698181487e-97	0.463906913665685	0.934	0.851	9.20366270132811e-93	cluster_11	EML4	0.669276203779588
1.51789000247219e-117	0.462301019557942	0.667	0.309	2.95244784380866e-113	cluster_11	DNAJC12	0.666959388314155
9.91379431171693e-180	0.456574877618223	0.403	0.096	1.92833213157206e-175	cluster_11	SYT13	0.658698311734296
1.79102526023269e-63	0.446462462577388	0.763	0.491	3.48372323367861e-59	cluster_11	IGFBP6	0.644109180703472
2.58822799298048e-53	0.446052272126838	0.965	0.847	5.03436226914632e-49	cluster_11	TM4SF1	0.643517400974644
3.22069431351418e-98	0.442121874881411	0.797	0.519	6.26457250921644e-94	cluster_11	C1orf21	0.637847036359942
4.67409444332713e-82	0.439604435704313	0.721	0.429	9.0915811017156e-78	cluster_11	ADAMTS6	0.634215139343404
8.04302758493777e-66	0.432655437646397	0.887	0.713	1.56444929554625e-61	cluster_11	ENC1	0.624189854306102
5.74281613623776e-126	0.431556443084453	0.386	0.113	1.11703516665961e-121	cluster_11	NR0B2	0.622604340301621
2.49819507532524e-68	0.427063362575152	0.667	0.409	4.85923924101513e-64	cluster_11	UTRN	0.616122195332537
2.24584093304079e-92	0.425111346808492	0.882	0.572	4.36838519885765e-88	cluster_11	TPM2	0.613306031866239
9.23269834021622e-40	0.423050695384285	0.788	0.543	1.79585215415546e-35	cluster_11	DCBLD2	0.610333140275536
1.54390665258536e-305	0.419597171401423	0.292	0.032	3.00305282994379e-301	cluster_11	CALD1	0.60535075835187
2.94057021620302e-54	0.416769664705588	1	0.982	5.7197031275365e-50	cluster_11	PHLDA2	0.601271528463708
2.83761680956845e-106	0.413753716431191	0.595	0.278	5.51944845629159e-102	cluster_11	KIF13A	0.596920434844657
2.78788774713955e-159	0.406938297263984	1	0.998	5.42272045696115e-155	cluster_11	GUK1	0.587087863410549
9.78305962548838e-39	-0.405657513949183	0.064	0.261	1.90290292775374e-34	cluster_11	SGO2	-0.585240083673831
9.13939428901178e-43	-0.406022818683376	0.848	0.905	1.77770358315568e-38	cluster_11	SAT1	-0.585767107002265
4.63911306142396e-55	-0.406304027518142	0.755	0.873	9.02353881577574e-51	cluster_11	ATP1B3	-0.586172805593637
2.42125144447868e-63	-0.406941749853977	0.934	0.968	4.70957618465547e-59	cluster_11	ERGIC3	-0.58709284444501
4.66656928263887e-43	-0.407449042483119	1	1	9.07694391166087e-39	cluster_11	UBA52	-0.587824713005353
3.31570169233708e-16	-0.407594840053373	0.971	0.97	6.44937136176486e-12	cluster_11	VMP1	-0.588035054436932
5.77691837047026e-50	-0.408094855615082	0.135	0.385	1.12366839224017e-45	cluster_11	EPSTI1	-0.588756424408176
1.03405440535624e-57	-0.408207383329478	0.699	0.838	2.01133922385842e-53	cluster_11	NDUFB6	-0.588918767583698
9.75932569648991e-40	-0.408786895907963	0.402	0.59	1.89828644122425e-35	cluster_11	FOXO3	-0.589754827506811
3.65089371207371e-32	-0.408859532975995	0.305	0.473	7.10135335935457e-28	cluster_11	HEBP1	-0.589859620644646
7.345148356568e-100	-0.409484540454452	1	1	1.42870480683604e-95	cluster_11	RPS16	-0.590761315834334
1.98511209253777e-07	-0.410629671624	0.743	0.705	0.00386124153119522	cluster_11	ITM2C	-0.592413390893809
2.51256163824707e-39	-0.412315381374041	0.428	0.594	4.88718364255437e-35	cluster_11	ATP8B1	-0.59484535599057
2.50915568052603e-58	-0.413357121434508	0.627	0.797	4.88055871419118e-54	cluster_11	REPIN1	-0.596348269209702
1.32114378431109e-30	-0.414509616345071	1	1	2.5697567748635e-26	cluster_11	PRDX5	-0.598010967901821
2.17317491685059e-16	-0.415514674859445	0.33	0.44	4.22704253076608e-12	cluster_11	MCM3	-0.599460960836312
4.11175972227405e-38	-0.415599256879478	0.199	0.404	7.99778383579525e-34	cluster_11	EPB41L4B	-0.599582986897161
2.94108064982948e-18	-0.419178781787632	0.394	0.483	5.72069597198332e-14	cluster_11	LINC00511	-0.604747149730893
1.57156860510394e-51	-0.419314719009551	1	1	3.05685809378768e-47	cluster_11	MT-CO1	-0.604943265686828
6.95443008753227e-20	-0.42009597126379	0.564	0.638	1.3527061963259e-15	cluster_11	GPR160	-0.606070374439703
2.81791840304404e-34	-0.420569622152805	0.334	0.509	5.48113308576096e-30	cluster_11	HMGB3	-0.606753708228397
6.30954028988854e-31	-0.420647013818928	0.193	0.376	1.22726868178622e-26	cluster_11	NR4A1	-0.606865360801319
2.29269217449471e-15	-0.420853241380475	0.977	0.977	4.45951554860965e-11	cluster_11	SERPINB1	-0.607162884281658
5.4727078830198e-38	-0.421282630338078	0.507	0.658	1.06449641032618e-33	cluster_11	TMEM106C	-0.607782361601404
3.21085093258145e-13	-0.42149500846381	0.379	0.462	6.24542614896417e-09	cluster_11	CLIC3	-0.608088758470191
2.54562415961838e-39	-0.422229928837978	0.803	0.866	4.95149355287371e-35	cluster_11	CSNK2B	-0.609149024449451
8.23847515915681e-35	-0.422567854041844	1	0.999	1.60246580320759e-30	cluster_11	HSP90AA1	-0.609636547465259
1.00152254813583e-17	-0.422669725429127	0.3	0.422	1.94806150837901e-13	cluster_11	SLC11A2	-0.609783516810501
3.76759840136842e-39	-0.4228330714901	0.484	0.633	7.32835565050172e-35	cluster_11	ASAH1	-0.610019175362615
4.15583657830118e-70	-0.423489301462167	1	0.999	8.08351772845362e-66	cluster_11	MT-ND3	-0.610965915089
2.66304848892223e-28	-0.424413649805475	0.547	0.659	5.17989561580264e-24	cluster_11	TMPO	-0.612299467859944
1.66963994967636e-32	-0.42449344385188	0.109	0.291	3.24761666611549e-28	cluster_11	ARHGAP5-AS1	-0.612414586334984
1.32933902281665e-74	-0.425664665303751	0.761	0.89	2.58569733328067e-70	cluster_11	GTF3C6	-0.614104301715382
8.04239655015704e-25	-0.426796529739319	1	0.996	1.56432655297105e-20	cluster_11	H2AFZ	-0.615737236923535
4.50984821230344e-33	-0.427885922447083	0.97	0.973	8.77210575775141e-29	cluster_11	SRI	-0.617308898380606
1.80487095027578e-46	-0.428001842682255	0.398	0.597	3.51065448538141e-42	cluster_11	RNF5	-0.617476135929028
1.66325774848327e-32	-0.428081474106412	0.379	0.536	3.23520264657481e-28	cluster_11	PCM1	-0.617591019789757
8.66541319294502e-50	-0.428339332279498	0.044	0.278	1.68550952015974e-45	cluster_11	TMEM98	-0.617963030497322
6.26304545689564e-14	-0.429820844345226	0.347	0.448	1.21822497182077e-09	cluster_11	S100A2	-0.620100400607564
1.04191295028543e-76	-0.429989550996267	0.728	0.874	2.02662487960019e-72	cluster_11	MTIF3	-0.620343792856387
4.11980352939866e-45	-0.430149008823407	0.63	0.768	8.01342984503334e-41	cluster_11	TUBA4A	-0.620573841872833
1.02283613917545e-32	-0.430559267938868	0.187	0.366	1.98951857431018e-28	cluster_11	CENPK	-0.621165720664187
2.33547919851406e-39	-0.430912197967661	0.64	0.747	4.54274058902971e-35	cluster_11	CYB5B	-0.621674891066508
2.21325265574986e-62	-0.432297529593362	1	1	4.30499774069905e-58	cluster_11	MT-CO2	-0.623673502132894
9.5882603046039e-22	-0.432933343187756	0.211	0.344	1.86501251184851e-17	cluster_11	ALDH1B1	-0.624590787252455
1.07994865441956e-43	-0.433085544226688	0.079	0.293	2.10060812771148e-39	cluster_11	ZWINT	-0.62481036693654
3.62349497233789e-34	-0.434480761960516	0.954	0.968	7.04806007069443e-30	cluster_11	TUBA1C	-0.626823240642094
1.09023148855607e-131	-0.434652412424148	1	0.998	2.12060926839041e-127	cluster_11	POMP	-0.627070879914742
3.47719718915936e-53	-0.434771527802268	0.036	0.286	6.76349625263387e-49	cluster_11	SNHG18	-0.62724272708005
9.81978742925257e-21	-0.434797738011218	0.517	0.6	1.91004685286392e-16	cluster_11	DTYMK	-0.627280540418524
1.46742072214175e-75	-0.435335515525072	0.993	0.968	2.85428004663792e-71	cluster_11	GTF3A	-0.628056389370862
1.67971582090504e-28	-0.435999041896908	1	0.999	3.26721524324239e-24	cluster_11	RPS10	-0.629013655577009
2.65353401376208e-46	-0.436757973235692	0.999	1	5.16138901016863e-42	cluster_11	TPI1	-0.630108562055848
5.57818660777526e-28	-0.438073349355134	0.319	0.47	1.08501307707837e-23	cluster_11	BCAM	-0.63200624866027
1.77472235115124e-07	-0.438747768168191	0.664	0.7	0.00345201244522427	cluster_11	SPTSSA	-0.63297922933735
2.78172319866772e-58	-0.439362322922403	0.86	0.922	5.41072979372857e-54	cluster_11	ETHE1	-0.633865844433606
9.92732347867525e-24	-0.439383926136305	0.61	0.684	1.93096368983712e-19	cluster_11	CAT	-0.63389701128317
2.16338188310412e-76	-0.439515662816107	0.9	0.94	4.20799410082582e-72	cluster_11	PNISR	-0.634087067137823
9.63677793557693e-18	-0.439796606990645	0.885	0.884	1.87444967624907e-13	cluster_11	EIF3L	-0.634492383905196
3.75850817100153e-173	-0.440251786425987	1	1	7.31067424341508e-169	cluster_11	PPDPF	-0.635149069019278
5.76375785989179e-35	-0.441565910315522	0.458	0.593	1.12110854132755e-30	cluster_11	SUCLG2	-0.637044949037824
2.17180437696536e-93	-0.441579249568441	1	1	4.22437669363533e-89	cluster_11	RPS11	-0.637064193511859
2.09717464342213e-50	-0.441768956448856	1	1	4.07921439892039e-46	cluster_11	RPL27A	-0.637337882687457
8.54893016243532e-34	-0.442454717598735	0.141	0.325	1.6628524058953e-29	cluster_11	BRCA1	-0.638327226897622
3.76493548409467e-28	-0.443084775284867	0.323	0.474	7.32317601011254e-24	cluster_11	H2AFX	-0.639236207996879
2.93421412850482e-52	-0.443254621647968	0.938	0.959	5.70733990135473e-48	cluster_11	RALY	-0.639481244502637
1.09332175807045e-58	-0.443848609998647	0.28	0.547	2.12662015162283e-54	cluster_11	TAOK3	-0.640338188550508
2.3024236786557e-25	-0.444197882669448	0.273	0.419	4.47844429735319e-21	cluster_11	SELENBP1	-0.64084208250059
1.51493369153767e-57	-0.445202606004576	0.677	0.83	2.94669752340992e-53	cluster_11	YWHAH	-0.642291591873645
8.21851068550271e-32	-0.446460379555303	0.839	0.866	1.59858251343713e-27	cluster_11	PDXK	-0.64410617553784
9.04538504200775e-31	-0.446546305129183	0.161	0.338	1.75941784452093e-26	cluster_11	FEN1	-0.644230139937162
9.74480042694744e-27	-0.446594704686151	0.464	0.592	1.89546113104555e-22	cluster_11	MCM7	-0.64429996573798
1.44456933514626e-14	-0.447039673177409	0.998	0.997	2.809831813793e-10	cluster_11	COMMD6	-0.64494191957367
1.37678986914204e-23	-0.447040467720811	0.34	0.474	2.67799397446818e-19	cluster_11	AC020916.1	-0.644943065857497
1.22111244826533e-40	-0.447217903842139	0.356	0.555	2.37518582312089e-36	cluster_11	WDR34	-0.645199052069812
3.29980914680156e-50	-0.447911041029963	0.342	0.556	6.41845877144371e-46	cluster_11	HADH	-0.64619903765334
3.50766433686113e-22	-0.44868739108689	0.795	0.803	6.82275790162858e-18	cluster_11	TM9SF2	-0.647319074030463
5.21460017367773e-43	-0.44881560043531	0.581	0.727	1.01429187978206e-38	cluster_11	SARAF	-0.647504041021624
2.69403058845831e-57	-0.450587475669905	0.823	0.902	5.24015889761026e-53	cluster_11	SELENOH	-0.650060316635648
2.56904112095151e-71	-0.451095501803579	0.994	0.993	4.99704188436278e-67	cluster_11	EIF2S2	-0.650793243419342
1.88298580021903e-15	-0.451149339785341	1	1	3.66259568000604e-11	cluster_11	EPCAM	-0.650870915208642
2.01330998575283e-63	-0.451154481132534	0.932	0.973	3.91608925328784e-59	cluster_11	SOD1	-0.650878332604739
9.32661954266612e-26	-0.451705882887309	0.527	0.622	1.81412076724399e-21	cluster_11	ECT2	-0.651673837181892
7.95928899681178e-31	-0.451849663085343	0.181	0.358	1.54816130276986e-26	cluster_11	CDKN3	-0.651881268160573
8.45613270050083e-47	-0.452697890871701	0.528	0.705	1.64480237157442e-42	cluster_11	ZNF292	-0.653105002181496
2.32350860600882e-40	-0.45281715691216	0.291	0.484	4.51945658954775e-36	cluster_11	QTRT1	-0.653277066706613
3.20109088177917e-09	-0.452848023043476	0.348	0.398	6.22644187414866e-05	cluster_11	IFI44L	-0.653321597121194
3.27426443911331e-31	-0.454443489405113	0.66	0.755	6.3687717605193e-27	cluster_11	C6orf48	-0.655623368529033
2.55814901318623e-59	-0.454769837343422	0.527	0.73	4.97585564554854e-55	cluster_11	CDC42EP5	-0.656094189081235
1.12451010676922e-67	-0.45647530909597	0.421	0.684	2.18728460867682e-63	cluster_11	GOLM1	-0.658554664721013
1.80679596434211e-23	-0.456584466697671	0.427	0.571	3.51439883024183e-19	cluster_11	NFKBIA	-0.658712145851662
7.95257424836068e-47	-0.458124216511685	0.919	0.926	1.54685521704864e-42	cluster_11	HSPH1	-0.660933535272549
1.46851768341061e-41	-0.458320904052594	0.782	0.85	2.85641374600198e-37	cluster_11	ST14	-0.661217295412425
5.02213569632632e-175	-0.458972400088802	1	1	9.76855614292433e-171	cluster_11	RPS12	-0.66215720551302
6.22775377661816e-24	-0.459755514345011	0.585	0.709	1.21136038709e-19	cluster_11	HLA-B	-0.663287000566902
2.704666907992e-54	-0.460011438944661	0.085	0.349	5.26084760273524e-50	cluster_11	TRABD2A	-0.663656221717658
4.00072892773291e-28	-0.460910541154116	0.448	0.595	7.78181783733327e-24	cluster_11	FOSB	-0.664953352016492
1.63898048101477e-31	-0.461173037951549	0.63	0.706	3.18798093362183e-27	cluster_11	TFDP1	-0.665332054844397
5.55495370344431e-13	-0.461404259282546	0.198	0.295	1.08049404485695e-08	cluster_11	HIST1H1D	-0.665665636711974
8.15475858720566e-29	-0.464144484013386	0.805	0.845	1.58618209279737e-24	cluster_11	FDFT1	-0.669618945342078
2.87987306416561e-47	-0.464149005145192	0.277	0.505	5.60164109710854e-43	cluster_11	TFDP2	-0.669625467956514
1.05023256432162e-52	-0.465212105441932	0.137	0.395	2.04280736086198e-48	cluster_11	MYB	-0.671159197482589
2.50415725555156e-48	-0.465952605060831	0.796	0.864	4.87083627777334e-44	cluster_11	PLP2	-0.672227512610554
2.53728868624883e-133	-0.46609420908263	0.999	0.999	4.93528022362259e-129	cluster_11	COX7A2	-0.672431804030574
2.74716306494797e-57	-0.466719030129591	0.746	0.847	5.3435068776303e-53	cluster_11	HDAC2	-0.673333230256467
5.61692086724334e-64	-0.466823544867921	0.749	0.855	1.0925472778875e-59	cluster_11	CXXC5	-0.673484013151156
3.82977764839616e-25	-0.467444488309284	0.283	0.423	7.44930050389538e-21	cluster_11	CD99	-0.674379845174683
1.48961636204227e-35	-0.468161069315976	0.171	0.361	2.89745278580842e-31	cluster_11	AMN	-0.675413653039434
1.072835691404e-110	-0.468360325839578	0.996	0.992	2.08677270334992e-106	cluster_11	POLR1D	-0.675701119437898
2.18067570730041e-52	-0.470444292419262	0.414	0.634	4.24163231827002e-48	cluster_11	CRYBG1	-0.678707647687786
7.08990426702821e-19	-0.47079572283705	0.368	0.488	1.37905727897966e-14	cluster_11	LRRC75A	-0.679214654608747
8.44964575595121e-58	-0.471700993675693	0.775	0.874	1.64354059599007e-53	cluster_11	LSM3	-0.680520684358319
1.5033946563843e-78	-0.472211564699675	0.752	0.883	2.9242529461331e-74	cluster_11	ARHGAP18	-0.681257282642639
6.5529079282245e-51	-0.472503814610068	0.129	0.372	1.27460612111895e-46	cluster_11	KIF22	-0.681678910139063
1.07831288796994e-23	-0.472511030445831	1	1	2.09742639839032e-19	cluster_11	TPT1	-0.681689320389534
7.2906330131872e-78	-0.47361452439395	1	1	1.41810102739504e-73	cluster_11	FTL	-0.683281325636137
2.26743575517794e-106	-0.475181977044837	0.998	0.998	4.41038928739661e-102	cluster_11	SAP18	-0.6855426818024
5.9500574486688e-60	-0.475245123836574	0.194	0.465	1.15734567434057e-55	cluster_11	PLGRKT	-0.685633783365686
2.05613613543674e-31	-0.476353791330672	0.778	0.839	3.99939039703801e-27	cluster_11	IMPDH2	-0.687233252461417
4.0383410941418e-13	-0.478326980441923	1	1	7.85497726221522e-09	cluster_11	RPL10A	-0.690079962606955
1.06769100839113e-44	-0.478440848002891	0.596	0.733	2.07676578042158e-40	cluster_11	MZT1	-0.690244238772481
1.73136573203777e-21	-0.479818759727232	0.937	0.935	3.36767948538668e-17	cluster_11	AHCY	-0.692232145183971
1.03950440043281e-58	-0.480036832550307	0.86	0.927	2.02194000928186e-54	cluster_11	H2AFV	-0.692546757764374
2.32144868830583e-43	-0.480524505073518	0.052	0.263	4.51544984362366e-39	cluster_11	CCNA2	-0.693250320495187
2.15522083163032e-08	-0.48277773290827	0.413	0.471	0.000419212003960413	cluster_11	STRN3	-0.696501041118377
2.61017439977126e-30	-0.485631823087503	0.899	0.918	5.07705022499509e-26	cluster_11	PDLIM1	-0.700618622866207
4.72531550380435e-20	-0.486816757381468	0.282	0.398	9.19121118644985e-16	cluster_11	TSEN2	-0.702328121695889
2.50531253447987e-36	-0.487613900873997	0.42	0.583	4.8730834108168e-32	cluster_11	EFNB2	-0.703478156659438
4.50122324028326e-40	-0.488646751514099	0.234	0.437	8.75532932467497e-36	cluster_11	RRM1	-0.704968245155892
7.21197163710127e-85	-0.490721244084234	0.961	0.986	1.40280060313257e-80	cluster_11	CLDN4	-0.707961105299187
1.35030689877067e-09	-0.49173743191559	0.792	0.779	2.62648194879882e-05	cluster_11	SPINK1	-0.709427154444096
5.66062655962706e-46	-0.494557919575055	0.71	0.816	1.10104847211306e-41	cluster_11	SLC44A1	-0.713496258003295
1.35104549238864e-40	-0.494949699686987	0.788	0.831	2.62791858724513e-36	cluster_11	NDUFB3	-0.714061477227897
4.01762861003942e-42	-0.497314336905192	0.364	0.554	7.81468940938768e-38	cluster_11	CTSB	-0.717472927616103
2.13497320600054e-60	-0.49801643236771	0.978	0.989	4.15273638299165e-56	cluster_11	PRDX2	-0.718485837258109
3.22897105098512e-32	-0.498862596874164	0.647	0.735	6.28067159127116e-28	cluster_11	NDFIP2	-0.719706594595347
7.81206880537698e-24	-0.499614240454747	0.721	0.75	1.51952550333388e-19	cluster_11	COA3	-0.720790987061569
2.01019371625041e-16	-0.500047272720637	0.385	0.493	3.91002779747866e-12	cluster_11	PCNA	-0.721415720564114
3.14816626297525e-42	-0.501878904198415	0.467	0.632	6.12349819811316e-38	cluster_11	VDAC3	-0.724058206213841
6.33323496126515e-26	-0.502052065801596	0.328	0.461	1.23187753231568e-21	cluster_11	PCCA	-0.724308025600022
9.509118962055e-32	-0.503621670842256	1	1	1.84961872930932e-27	cluster_11	RPL38	-0.726572487008337
2.95656284461246e-63	-0.503850221346925	0.284	0.559	5.75081038905569e-59	cluster_11	ZFP36	-0.726902215688016
2.30981255869169e-35	-0.506061030091501	0.311	0.484	4.49281640791121e-31	cluster_11	BNIP3L	-0.730091738500169
3.57965679426883e-09	-0.507206120156456	0.553	0.582	6.9627904305323e-05	cluster_11	MUC12	-0.73174375425825
4.0407091514478e-42	-0.507870269220032	0.581	0.715	7.85958337048111e-38	cluster_11	RPA3	-0.732701918818682
1.0526009012185e-98	-0.507978454552592	0.828	0.946	2.04741401296011e-94	cluster_11	SNX3	-0.732857997261464
1.79481065826095e-32	-0.514533893456708	0.081	0.255	3.49108621138336e-28	cluster_11	PLK1	-0.742315496459282
1.62067783027241e-23	-0.515104599909384	1	1	3.15238044766287e-19	cluster_11	RPS29	-0.743138851828361
4.19839436818843e-68	-0.515675109026414	0.32	0.595	8.16629688556332e-64	cluster_11	CPT1A	-0.743961922502283
7.62491719178704e-33	-0.517785495274246	0.352	0.514	1.4831226429745e-28	cluster_11	DHFR	-0.747006566276391
9.33657291003255e-13	-0.521374783438087	0.915	0.896	1.81605679673043e-08	cluster_11	DSP	-0.752184814510685
1.29763117409954e-14	-0.52508013952221	0.294	0.392	2.52402239674101e-10	cluster_11	EGLN3	-0.757530513357978
6.78637681863486e-24	-0.525942015148138	0.256	0.408	1.32001815499267e-19	cluster_11	CCNB2	-0.758773937049367
1.27784333331894e-13	-0.526926496279022	0.563	0.646	2.48553306763867e-09	cluster_11	BAZ1A	-0.760194243094742
1.04073064612847e-29	-0.527754109933715	0.235	0.393	2.02432517978449e-25	cluster_11	UBE2T	-0.76138823721014
5.93171886428916e-65	-0.530907015048103	0.472	0.694	1.15377863629288e-60	cluster_11	AK3	-0.765936917783061
1.38618650488191e-37	-0.533137130343251	0.157	0.353	2.6962713706458e-33	cluster_11	TYMS	-0.769154294059981
7.59574836721093e-14	-0.533583039018439	0.816	0.808	1.4774490149062e-09	cluster_11	CHCHD10	-0.769797604294365
1.59863066285546e-69	-0.534576534774997	0.941	0.986	3.10949650232016e-65	cluster_11	HMGN2	-0.771230915695494
3.26477869166958e-47	-0.534617322549331	0.465	0.646	6.3503210331665e-43	cluster_11	SERINC5	-0.771289760015255
2.03843540133792e-55	-0.535833098502887	0.166	0.424	3.9649606991424e-51	cluster_11	GPSM2	-0.773043753954282
5.21909136254948e-30	-0.538411312008467	0.118	0.286	1.0151654609295e-25	cluster_11	CDC20	-0.776763329793135
6.11422252007632e-33	-0.539725649472437	0.902	0.937	1.18927742238005e-28	cluster_11	ATP5PD	-0.77865951793446
1.76233043303691e-49	-0.54255458467509	0.64	0.78	3.42790892530009e-45	cluster_11	H1FX	-0.782740808722324
1.46991777744574e-47	-0.544323274121276	0.589	0.742	2.8591370689097e-43	cluster_11	PMEPA1	-0.785292488215209
1.38264986917821e-23	-0.544722855326131	0.995	0.993	2.68939226053853e-19	cluster_11	EIF3E	-0.785868962037885
7.74393059618076e-16	-0.549998977095063	0.998	0.998	1.50627194026312e-11	cluster_11	LDHA	-0.79348079674905
1.16886268343524e-39	-0.553037831903457	0.118	0.319	2.27355480554989e-35	cluster_11	BRCA2	-0.797864937511102
2.04792512950599e-53	-0.554713275752857	0.118	0.37	3.9834191694021e-49	cluster_11	ARID3A	-0.800282092043919
3.26409462159896e-38	-0.554865665315961	0.101	0.297	6.34899044847214e-34	cluster_11	RRM2	-0.800501943710892
9.77175175472042e-12	-0.560610555703501	0.988	0.943	1.90070343381067e-07	cluster_11	CKB	-0.808790068583447
2.07820743592394e-29	-0.5622550153361	0.745	0.798	4.04232128361565e-25	cluster_11	DSG2	-0.811162522340339
5.34254883303279e-38	-0.563997477666985	0.227	0.416	1.03917917351321e-33	cluster_11	MAD2L1	-0.813676364104043
6.15028077469803e-11	-0.565794037471241	0.567	0.595	1.19629111348651e-06	cluster_11	KPNA2	-0.816268252024304
1.02308624938898e-30	-0.566266068476832	0.15	0.326	1.99000506368651e-26	cluster_11	AURKA	-0.816949248815216
5.8021691827102e-49	-0.566526289163648	0.177	0.416	1.12857992772896e-44	cluster_11	CENPW	-0.817324667909622
4.57587770789237e-24	-0.57020374029074	1	1	8.90053972962145e-20	cluster_11	RPSA	-0.822630108413788
1.09280628435992e-23	-0.573536760792288	0.972	0.965	2.12561750370848e-19	cluster_11	RPL36A	-0.827438640562554
1.20940556790192e-62	-0.573928468158563	0.035	0.311	2.35241477012603e-58	cluster_11	BEX3	-0.828003754837359
2.80795041988541e-21	-0.577052631532322	0.646	0.707	5.46174436171912e-17	cluster_11	LCN2	-0.832510969843608
1.01382726329271e-58	-0.577247586834734	0.056	0.327	1.97199540983066e-54	cluster_11	TGFBI	-0.832792230891592
3.24889173964133e-24	-0.579068069298307	0.209	0.361	6.31941932277635e-20	cluster_11	KLK1	-0.835418631913815
1.66346190527847e-41	-0.580691431274446	0.38	0.555	3.23559975195715e-37	cluster_11	RAB11FIP1	-0.837760648186358
2.38701633900169e-72	-0.584164524756437	0.136	0.45	4.64298548099219e-68	cluster_11	PPP1R14D	-0.84277126292937
1.10919899615961e-67	-0.587070234726503	0.676	0.821	2.15750296743005e-63	cluster_11	ABRACL	-0.846963316293445
1.03302980804664e-76	-0.594034993493923	1	1	2.00934627963152e-72	cluster_11	MT-CYB	-0.857011339228191
3.14756842212565e-45	-0.597872483295997	0.654	0.77	6.1223353378766e-41	cluster_11	MISP	-0.862547666735104
2.08386412363949e-72	-0.598582695801607	0.897	0.961	4.05332410689118e-68	cluster_11	JUN	-0.863572286794925
4.74930101199147e-31	-0.599134646111855	0.939	0.931	9.23786539842461e-27	cluster_11	ATP5PO	-0.864368582770338
3.76674249547611e-58	-0.600919458294457	0.646	0.792	7.32669082795059e-54	cluster_11	ACAA2	-0.866943522455095
7.62886505047451e-41	-0.60735842369121	0.575	0.699	1.4838905409678e-36	cluster_11	PPARG	-0.876232985901447
1.42879219460611e-64	-0.613500542268463	0.136	0.425	2.77914369772834e-60	cluster_11	TRIP6	-0.885094189913401
1.89050988491126e-37	-0.614052967305022	0.393	0.56	3.67723077714088e-33	cluster_11	PRR15	-0.885891170774108
6.81627803879797e-42	-0.614788691776631	0.613	0.777	1.32583424132659e-37	cluster_11	GDF15	-0.886952596820759
1.57526317714587e-24	-0.617230544757792	0.462	0.569	3.06404440586643e-20	cluster_11	SORL1	-0.89047544600726
1.85508103175543e-35	-0.620666694341913	0.283	0.455	3.60831811486749e-31	cluster_11	TK1	-0.895432761972024
1.07621265612857e-49	-0.623861028458632	0.295	0.51	2.09334123743568e-45	cluster_11	CKAP2	-0.900041211961156
7.44471442992139e-25	-0.625486248119524	0.138	0.284	1.44807140376401e-20	cluster_11	ASPM	-0.902385908306281
2.883461632785e-24	-0.626508705217245	0.947	0.909	5.6086212219301e-20	cluster_11	UBE2S	-0.903861002090685
4.06118344168051e-29	-0.628076225523	0.864	0.892	7.89940791241275e-25	cluster_11	EBPL	-0.90612245586229
1.1892015724054e-76	-0.628322126106762	0.727	0.874	2.31311597848574e-72	cluster_11	JUNB	-0.906477215415035
6.97616172042935e-32	-0.629250608602649	0.256	0.431	1.35693321624071e-27	cluster_11	BTG2	-0.907816732507403
6.49428339450171e-59	-0.631358617604494	0.38	0.611	1.26320306306453e-54	cluster_11	ZNF703	-0.910857946640515
6.07894660893794e-98	-0.63187904363048	0.858	0.939	1.18241590490452e-93	cluster_11	MARCKS	-0.911608762687354
1.1458812175164e-35	-0.641969176666926	0.999	0.998	2.22885355619115e-31	cluster_11	CSTB	-0.926165747580945
3.16802426417597e-50	-0.642141610847085	0.789	0.857	6.16212399624868e-46	cluster_11	PTBP3	-0.92641451751754
8.00592174835521e-50	-0.642538982044703	0.125	0.37	1.55723183927257e-45	cluster_11	IL32	-0.926987802973736
3.93694295248069e-54	-0.643518755205307	0.096	0.349	7.65774773687019e-50	cluster_11	BIK	-0.928401316853735
1.75387456552642e-39	-0.64384852471128	0.074	0.27	3.41146141740543e-35	cluster_11	CDK1	-0.928877073684639
1.57153920269495e-58	-0.645815144369647	0.922	0.964	3.05680090316194e-54	cluster_11	TUBB	-0.931714306113079
1.74277593290807e-22	-0.645873208498911	0.29	0.42	3.38987346709948e-18	cluster_11	ATAD2	-0.931798074944422
4.10299494483958e-174	-0.648478553852995	1	1	7.98073546720746e-170	cluster_11	MT-ATP6	-0.935556793766563
9.02864778712328e-45	-0.648522274993744	0.16	0.38	1.75616228107335e-40	cluster_11	KIF20B	-0.935619870039502
2.35295643074928e-60	-0.65052042302459	0.597	0.79	4.57673555345042e-56	cluster_11	FAM177A1	-0.938502588294566
1.72753793991886e-16	-0.653848876508374	0.904	0.897	3.36023404693617e-12	cluster_11	HIST1H4C	-0.943304531629451
8.25779886656093e-47	-0.6572823866374	0.973	0.984	1.60622445753477e-42	cluster_11	TUBB4B	-0.948258039665438
2.51454027944535e-39	-0.660122275200735	0.431	0.583	4.89103229754914e-35	cluster_11	SMC4	-0.952355132812439
7.03354491873004e-63	-0.661246607662902	0.239	0.502	1.36809482214218e-58	cluster_11	CRYL1	-0.953977201679919
5.37575094767876e-29	-0.667258219596167	0.373	0.527	1.045637316833e-24	cluster_11	EAPP	-0.962650124403789
5.6461442842195e-17	-0.669929264860821	0.809	0.864	1.09823152472353e-12	cluster_11	SOX4	-0.966503628161095
2.36470761671151e-17	-0.671324464358322	0.197	0.313	4.59959278526556e-13	cluster_11	NUBPL	-0.968516475557191
2.29863530322206e-84	-0.674510250632361	0.909	0.957	4.47107552829724e-80	cluster_11	DEK	-0.973112593616079
6.69442698642318e-56	-0.679050512287151	0.174	0.428	1.30213299312917e-51	cluster_11	GGH	-0.979662806589783
2.28270713760126e-49	-0.683188810141125	0.326	0.544	4.44009365334821e-45	cluster_11	TDP2	-0.985633108381432
1.19884506302272e-54	-0.685196450680728	0.041	0.294	2.3318735320855e-50	cluster_11	RNF186	-0.988529521431805
3.55779748277451e-49	-0.686088463938873	0.346	0.562	6.92027188374469e-45	cluster_11	RHOB	-0.989816424535738
1.66393778487963e-46	-0.689975976317109	0.932	0.953	3.23652538536937e-42	cluster_11	CD9	-0.995424919365215
1.70230107242834e-55	-0.691952031062319	0.999	0.999	3.31114581598037e-51	cluster_11	RPL31	-0.998275763746654
7.91505433866927e-28	-0.697194099583628	0.814	0.873	1.53955721941456e-23	cluster_11	SNX6	-1.00583847000635
4.33056961562674e-70	-0.697484603455609	0.82	0.917	8.42339095935556e-66	cluster_11	IER2	-1.00625757850181
9.11654091712954e-72	-0.698311868088089	1	1	1.77325837379087e-67	cluster_11	FTH1	-1.00745106908459
1.48805329898599e-26	-0.699503017440257	0.178	0.338	2.89441247185765e-22	cluster_11	G2E3	-1.00916953434792
1.00249799420977e-42	-0.700558403634856	0.171	0.388	1.94995884853741e-38	cluster_11	BIRC5	-1.0106921347771
4.18105888144012e-87	-0.7058107751307	0.742	0.914	8.13257763028919e-83	cluster_11	IER3	-1.01826970508706
9.3650185430998e-103	-0.706476495892551	1	1	1.82158975681834e-98	cluster_11	EEF1A1	-1.0192301371288
3.77938880252835e-52	-0.71671575535392	0.681	0.782	7.3512891597979e-48	cluster_11	CKS1B	-1.03400226597609
1.78485970762519e-28	-0.727448483869328	0.383	0.532	3.47173061730175e-24	cluster_11	PTTG1	-1.04948632018047
4.26650816800073e-83	-0.743124657867226	0.428	0.694	8.29878503757821e-79	cluster_11	ARL6IP1	-1.07210225866735
6.38705847522248e-56	-0.746871508882394	0.035	0.289	1.24234674401552e-51	cluster_11	RUBCNL	-1.07750782204589
7.61457231114529e-115	-0.749478531818716	0.141	0.562	1.48111046024087e-110	cluster_11	CTSS	-1.0812689611076
1.95856007306016e-102	-0.751925286340797	1	1	3.80959519810931e-98	cluster_11	RPS6	-1.08479888172288
3.39051944046563e-51	-0.754313823994149	0.6	0.752	6.5948993636497e-47	cluster_11	AKR1C3	-1.08824481315035
3.08929034830432e-50	-0.762726579094788	0.587	0.728	6.00897865648673e-46	cluster_11	STMN1	-1.10038185321425
2.0750885420127e-09	-0.764714887833882	0.751	0.761	4.0362547230689e-05	cluster_11	HECTD1	-1.1032503763719
8.92701346962941e-44	-0.770794804433806	0.073	0.286	1.73639338997762e-39	cluster_11	HMMR	-1.11202184189963
1.45836814058097e-182	-0.772746992629776	1	1	2.83667187024405e-178	cluster_11	RPL21	-1.11483825412884
1.93719548780699e-66	-0.779903054072884	0.083	0.383	3.76803894333338e-62	cluster_11	CDH17	-1.12516226848511
3.71087656129389e-62	-0.789003386732355	0.681	0.808	7.21802599937275e-58	cluster_11	CKS2	-1.13829127328337
7.40802222862047e-11	-0.789302723302228	0.61	0.648	1.44093440368897e-06	cluster_11	SCFD1	-1.13872312466828
9.70250942867101e-62	-0.794405352527784	0.999	0.997	1.8872351089708e-57	cluster_11	HMGB1	-1.14608466254748
1.14277150435157e-27	-0.798859174980899	1	1	2.22280485311424e-23	cluster_11	RPL23A	-1.15251017011359
1.65718123426297e-31	-0.800635096070709	0.556	0.656	3.22338321876491e-27	cluster_11	RPL17	-1.15507228266287
3.2570913001105e-131	-0.801913315029018	0.535	0.846	6.33536828784494e-127	cluster_11	ALDH1A1	-1.15691636281519
6.8621735777895e-77	-0.803758057982774	0.129	0.452	1.33476138261584e-72	cluster_11	UCA1	-1.15957776432629
2.70461185098873e-71	-0.804244612537938	0.042	0.349	5.26074051135819e-67	cluster_11	C10orf99	-1.16027971417015
1.49756095946346e-94	-0.815248495289657	0.495	0.765	2.91290582225237e-90	cluster_11	RHOBTB3	-1.17615496124658
2.4947881306812e-40	-0.818919559397025	1	1	4.85261239298801e-36	cluster_11	MT-CO3	-1.18145118722906
7.68346197290123e-48	-0.822700229897477	0.462	0.645	1.49451018834902e-43	cluster_11	HES1	-1.1869055418113
1.2859901837242e-28	-0.825146455878058	0.268	0.428	2.50137950636194e-24	cluster_11	CENPF	-1.19043469990238
3.47263326304386e-26	-0.829513724314649	0.199	0.34	6.75461895994661e-22	cluster_11	EPB41L2	-1.19673533641808
2.23501269987868e-43	-0.835637214753257	0.136	0.348	4.34732320253403e-39	cluster_11	NUSAP1	-1.20556966570679
9.50043020275857e-59	-0.844127122353611	0.34	0.571	1.84792867873857e-54	cluster_11	DPEP1	-1.21781801329943
2.42419664808128e-52	-0.856761544063957	0.038	0.284	4.7153049001829e-48	cluster_11	CALB1	-1.23604563084544
1.47856154706621e-50	-0.859576504616404	0.172	0.4	2.87595006519848e-46	cluster_11	CDX1	-1.24010676047476
1.96854494647458e-60	-0.868021391573198	0.078	0.357	3.82901677538771e-56	cluster_11	FAM84A	-1.25229015700819
3.73845472796059e-75	-0.878051967160262	1	1	7.27166829135614e-71	cluster_11	RPL13A	-1.26676121866491
7.39141200105882e-17	-0.889164842415857	0.245	0.349	1.43770354832595e-12	cluster_11	SLC26A2	-1.28279370868617
1.07103060393693e-60	-0.899396979341898	0.34	0.572	2.08326162771772e-56	cluster_11	PCLAF	-1.29755556188707
2.13815706606803e-136	-0.903594862905189	0.102	0.579	4.15892930920892e-132	cluster_11	DNAJC15	-1.30361182768606
2.14729678249977e-39	-0.916159240545901	0.951	0.959	4.17670697164031e-35	cluster_11	TUBA1B	-1.32173839300017
3.75847584896064e-09	-0.917944449904064	0.316	0.391	7.31061137381334e-05	cluster_11	HES6	-1.32431390568814
4.79438307467822e-25	-0.920111356253629	0.758	0.793	9.32555451855661e-21	cluster_11	RPS17	-1.32744009073273
5.46126971794828e-41	-0.934041232240454	0.99	0.989	1.06227157283812e-36	cluster_11	RPS20	-1.34753665373912
2.2287161030163e-90	-0.934121010160264	0.087	0.451	4.33507569197701e-86	cluster_11	PLIN2	-1.3476517489484
4.97615048857135e-163	-0.950559170714871	1	1	9.67911031532014e-159	cluster_11	TMSB4X	-1.37136700166187
2.87831731662403e-72	-0.961766749248448	0.05	0.364	5.59861501256541e-68	cluster_11	GPA33	-1.38753611963263
2.21800130943437e-138	-0.965486159015564	0.725	0.908	4.3142343469808e-134	cluster_11	ELF3	-1.39290209365869
3.54261828666692e-47	-0.976132343539489	0.157	0.386	6.89074682939583e-43	cluster_11	CCNB1	-1.40826129127574
1.3966234666778e-25	-1.00508611316421	0.607	0.584	2.71657230503498e-21	cluster_11	SNCG	-1.45003275112837
1.43921091280167e-65	-1.00726576745545	0.369	0.615	2.79940914649053e-61	cluster_11	MDK	-1.45317732756519
9.43608701706276e-45	-1.01914905193219	0.244	0.455	1.83541328568888e-40	cluster_11	MKI67	-1.47032128314925
2.93945242177929e-55	-1.04536858775374	0.232	0.472	5.7175289056029e-51	cluster_11	TPX2	-1.50814807745342
3.10112640302264e-73	-1.06701217365752	0.04	0.349	6.03200096651933e-69	cluster_11	ID3	-1.53937317150386
4.50606895072749e-82	-1.0789445215174	0.068	0.403	8.76475471606004e-78	cluster_11	CDX2	-1.55658791058747
1.81796491264089e-61	-1.08346770621449	0.627	0.764	3.5361235515778e-57	cluster_11	FOS	-1.56311348671898
1.11479907345795e-54	-1.09597728351486	0.376	0.582	2.16839567778306e-50	cluster_11	EGR1	-1.58116099185384
3.94445680219049e-10	-1.1215877525534	0.814	0.743	7.67236292594073e-06	cluster_11	FXYD3	-1.61810908853059
6.50944584661898e-81	-1.12380520158647	0.268	0.569	1.26615231162586e-76	cluster_11	HMGB2	-1.62130819125403
3.25320606599109e-57	-1.14591106978166	0.152	0.405	6.32781111895926e-53	cluster_11	ASCL2	-1.65320021767377
5.11856418326499e-45	-1.17137229719288	0.948	0.973	9.95611919286873e-41	cluster_11	LGALS3	-1.68993300419489
1.11357782064468e-39	-1.19263565071058	0.199	0.391	2.16602021893596e-35	cluster_11	UBE2C	-1.72060953886753
3.98173356777639e-52	-1.2295209601144	0.195	0.427	7.74486996268187e-48	cluster_11	TOP2A	-1.77382379182608
1.48077128101829e-57	-1.2544258355817	0.674	0.791	2.88024821870867e-53	cluster_11	ARHGAP5	-1.80975393215671
1.61818241376257e-92	-1.26974235794327	0.745	0.906	3.14752661300958e-88	cluster_11	ID1	-1.83185100301142
8.8848305992076e-35	-1.29384134176522	0.07	0.252	1.72818839985187e-30	cluster_11	MT1X	-1.8666184874618
1.42138312788008e-122	-1.4926728684204	0.885	0.91	2.76473232203955e-118	cluster_11	S100A4	-2.15347174493962
3.33096409660921e-46	-1.49663136014116	0.589	0.695	6.47905826431458e-42	cluster_11	PHGR1	-2.15918264131455
8.09155135469638e-77	-1.55054111862949	0.07	0.395	1.57388765400199e-72	cluster_11	C15orf48	-2.23695798254119
1.01856160828486e-43	-1.62228451227328	0.231	0.455	1.98120418427488e-39	cluster_11	MT2A	-2.34046182076763
3.02740572352068e-51	-1.77250960865057	0.052	0.291	5.88860687282007e-47	cluster_11	LCN15	-2.55719082232821
5.02718201415848e-51	-1.83198244791489	0.237	0.458	9.77837173573966e-47	cluster_11	FABP1	-2.64299199260243
7.00991690083998e-69	-2.17820499870594	0.288	0.547	1.36349893638239e-64	cluster_11	TFF3	-3.14248554967261
